{"cameraMode":{"drawMode":0,"name":"Shaded","section":"Shading Mode"},"sceneLighting":true,"audioPlay":false,"sceneViewState":{"m_AlwaysRefresh":false,"showFog":true,"showSkybox":true,"showFlares":true,"showImageEffects":true,"showParticleSystems":true,"showVisualEffectGraphs":true,"m_FxEnabled":true},"in2DMode":false,"pivot":{"x":-4.14672327041626,"y":-9.812782287597657,"z":-11.24652099609375},"rotation":{"x":0.41459304094314577,"y":0.004095062147825956,"z":-0.0018657908076420427,"w":0.9099962115287781},"size":41.95878982543945,"orthographic":false}